# AIEs,Data Type,Application Workload,NPU Workload,Kernel Workload,CPU,NPU Execution Only,NPU Execution + DDR Transfer
1,<class 'numpy.int8'>,[(1024, 1024), (1024, 1024), (1024, 1024)],[(64, 64), (64, 64), (64, 64)],[(64, 64), (64, 64), (64, 64)],5.689184856414795,1.164172649383545,1.2817871809005736
1,<class 'ml_dtypes.bfloat16'>,[(1024, 1024), (1024, 1024), (1024, 1024)],[(32, 32), (32, 32), (32, 32)],[(32, 32), (32, 32), (32, 32)],0.008521175384521485,9.363843297958374,10.217011547088623
1,<class 'numpy.int8'>,[(8, 4096), (4096, 4096), (8, 4096)],[(8, 256), (256, 64), (8, 64)],[(8, 256), (256, 64), (8, 64)],1.1722061157226562,0.288023567199707,0.3175028085708618
1,<class 'ml_dtypes.bfloat16'>,[(8, 4096), (4096, 4096), (8, 4096)],[(8, 256), (256, 32), (8, 32)],[(8, 256), (256, 32), (8, 32)],0.015905308723449706,0.5703725814819336,0.630842661857605
