# AIEs,Data Type,Application Workload,NPU Workload,Kernel Workload,CPU,NPU Execution Only,NPU Execution + DDR Transfer
4,<class 'numpy.int8'>,[(1024, 1024), (1024, 1024), (1024, 1024)],[(64, 64), (64, 256), (64, 256)],[(64, 64), (64, 64), (64, 64)],5.708152341842651,0.3318966865539551,0.35975167751312254
4,<class 'ml_dtypes.bfloat16'>,[(1024, 1024), (1024, 1024), (1024, 1024)],[(32, 32), (32, 128), (32, 128)],[(32, 32), (32, 32), (32, 32)],0.005951356887817383,2.416882634162903,2.687906813621521
4,<class 'numpy.int8'>,[(8, 4096), (4096, 4096), (8, 4096)],[(8, 256), (256, 256), (8, 256)],[(8, 256), (256, 64), (8, 64)],1.290785789489746,0.07898900508880616,0.0928922414779663
4,<class 'ml_dtypes.bfloat16'>,[(8, 4096), (4096, 4096), (8, 4096)],[(8, 256), (256, 128), (8, 128)],[(8, 256), (256, 32), (8, 32)],0.019809913635253907,0.16011447906494142,0.18588416576385497
